{
    "data":[
            {"Round": 1, "Team1": "杭州绿城", "Team2": "广州富力", "Score1": 1, "Score2": 2, "Flag1": "http://www.sinaimg.cn/lf/sports/logo85/264.png", "Flag2": "http://www.sinaimg.cn/ty/opta/85/6905.png", "date": "2015-03-07", "time": "15:35", "MatchCity": "杭州", "Situation": "黄龙体育场", "status_cn": "完赛"},
            {"Round": 1, "Team1": "上海上港", "Team2": "江苏舜天", "Score1": 2, "Score2": 1, "Flag1": "http://www.sinaimg.cn/lf/sports/logo85/41300.png", "Flag2": "http://www.sinaimg.cn/lf/sports/logo85/179.png", "date": "2015-03-07", "time": "15:35", "MatchCity": "上海", "Situation": "上海体育场", "status_cn": "完赛"},
            {"Round": 1, "Team1": "贵州人和", "Team2": "辽宁宏运", "Score1": 0, "Score2": 1, "Flag1": "http://www.sinaimg.cn/lf/sports/logo85/170.png", "Flag2": "http://www.sinaimg.cn/lf/sports/logo85/139.png", "date": "2015-03-07", "time": "19:35", "MatchCity": "贵阳", "Situation": "奥体中心球场", "status_cn": "完赛"},
            {"Round": 1, "Team1": "重庆力帆", "Team2": "北京国安", "Score1": 0, "Score2": 3, "Flag1": "http://www.sinaimg.cn/lf/sports/logo85/151.png", "Flag2": "http://www.sinaimg.cn/lf/sports/logo85/136.png", "date": "2015-03-08", "time": "15:35", "MatchCity": "重庆", "Situation": "重庆奥体中心", "status_cn": "完赛"},
            {"Round": 1, "Team1": "山东鲁能", "Team2": "长春亚泰", "Score1": 2, "Score2": 0, "Flag1": "http://www.sinaimg.cn/lf/sports/logo85/153.png", "Flag2": "http://www.sinaimg.cn/lf/sports/logo85/172.png", "date": "2015-03-08", "time": "19:35", "MatchCity": "济南", "Situation": "鲁能大球场", "status_cn": "完赛"},
            {"Round": 1, "Team1": "河南建业", "Team2": "天津泰达", "Score1": 3, "Score2": 1, "Flag1": "http://www.sinaimg.cn/lf/sports/logo85/178.png", "Flag2": "http://www.sinaimg.cn/lf/sports/logo85/148.png", "date": "2015-03-08", "time": "19:45", "MatchCity": "郑州", "Situation": "航海体育场", "status_cn": "完赛"},
            {"Round": 1, "Team1": "上海申花", "Team2": "上海申鑫", "Score1": 6, "Score2": 2, "Flag1": "http://www.sinaimg.cn/lf/sports/logo85/144.png", "Flag2": "http://www.sinaimg.cn/ty/opta/85/6911.png", "date": "2015-03-08", "time": "19:45", "MatchCity": "上海", "Situation": "虹口体育场", "status_cn": "完赛"},
            {"Round": 1, "Team1": "广州恒大", "Team2": "石家庄永昌", "Score1": 2, "Score2": 1, "Flag1": "http://www.sinaimg.cn/lf/sports/logo85/5065.png", "Flag2": "http://www.sinaimg.cn/lf/sports/logo85/55816.png", "date": "2015-03-09", "time": "20:00", "MatchCity": "广东", "Situation": "天河体育场", "status_cn": "完赛"},
            {"Round": 2, "Team1": "辽宁宏运", "Team2": "山东鲁能", "Score1": 3, "Score2": 2, "Flag1": "http://www.sinaimg.cn/lf/sports/logo85/139.png", "Flag2": "http://www.sinaimg.cn/lf/sports/logo85/153.png", "date": "2015-03-13", "time": "14:35", "MatchCity": "辽宁", "Situation": "铁西体育场", "status_cn": "完赛"},
            {"Round": 2, "Team1": "北京国安", "Team2": "河南建业", "Score1": 1, "Score2": 0, "Flag1": "http://www.sinaimg.cn/lf/sports/logo85/136.png", "Flag2": "http://www.sinaimg.cn/lf/sports/logo85/178.png", "date": "2015-03-13", "time": "19:35", "MatchCity": "北京", "Situation": "工人体育场", "status_cn": "完赛"},
            {"Round": 2, "Team1": "广州富力", "Team2": "上海申花", "Score1": 0, "Score2": 1, "Flag1": "http://www.sinaimg.cn/ty/opta/85/6905.png", "Flag2": "http://www.sinaimg.cn/lf/sports/logo85/144.png", "date": "2015-03-13", "time": "19:35", "MatchCity": "广州", "Situation": "越秀山体育场", "status_cn": "完赛"},
            {"Round": 2, "Team1": "重庆力帆", "Team2": "广州恒大", "Score1": 1, "Score2": 2, "Flag1": "http://www.sinaimg.cn/lf/sports/logo85/151.png", "Flag2": "http://www.sinaimg.cn/lf/sports/logo85/5065.png", "date": "2015-03-14", "time": "15:35", "MatchCity": "重庆", "Situation": "重庆奥体中心", "status_cn": "完赛"},
            {"Round": 2, "Team1": "江苏舜天", "Team2": "贵州人和", "Score1": 2, "Score2": 0, "Flag1": "http://www.sinaimg.cn/lf/sports/logo85/179.png", "Flag2": "http://www.sinaimg.cn/lf/sports/logo85/170.png", "date": "2015-03-14", "time": "19:45", "MatchCity": "南京", "Situation": "奥体中心球场", "status_cn": "完赛"},
            {"Round": 2, "Team1": "上海申鑫", "Team2": "上海上港", "Score1": 0, "Score2": 2, "Flag1": "http://www.sinaimg.cn/ty/opta/85/6911.png", "Flag2": "http://www.sinaimg.cn/ty/2015/0309/U6521P6DT20150309172332.png", "date": "2015-03-15", "time": "16:00", "MatchCity": "上海", "Situation": "金山体育场", "status_cn": "完赛"},
            {"Round": 2, "Team1": "天津泰达", "Team2": "杭州绿城", "Score1": 0, "Score2": 0, "Flag1": "http://www.sinaimg.cn/lf/sports/logo85/148.png", "Flag2": "http://www.sinaimg.cn/lf/sports/logo85/264.png", "date": "2015-03-15", "time": "19:35", "MatchCity": "天津", "Situation": "泰达足球场", "status_cn": "完赛"},
            {"Round": 2, "Team1": "长春亚泰", "Team2": "石家庄永昌", "Score1": 0, "Score2": 3, "Flag1": "http://www.sinaimg.cn/lf/sports/logo85/172.png", "Flag2": "http://www.sinaimg.cn/lf/sports/logo85/55816.png", "date": "2015-08-01", "time": "19:00", "MatchCity": "长春", "Situation": "经开体育场", "status_cn": "完赛"},
            {"Round": 3, "Team1": "贵州人和", "Team2": "上海申鑫", "Score1": 2, "Score2": 1, "Flag1": "http://www.sinaimg.cn/lf/sports/logo85/170.png", "Flag2": "http://www.sinaimg.cn/ty/opta/85/6911.png", "date": "2015-03-21", "time": "19:35", "MatchCity": "贵阳", "Situation": "奥体中心球场", "status_cn": "完赛"},
            {"Round": 3, "Team1": "石家庄永昌", "Team2": "辽宁宏运", "Score1": 1, "Score2": 1, "Flag1": "http://www.sinaimg.cn/lf/sports/logo85/55816.png", "Flag2": "http://www.sinaimg.cn/lf/sports/logo85/139.png", "date": "2015-03-21", "time": "19:35", "MatchCity": "石家庄", "Situation": "裕彤体育中心", "status_cn": "完赛"},
            {"Round": 3, "Team1": "杭州绿城", "Team2": "北京国安", "Score1": 1, "Score2": 1, "Flag1": "http://www.sinaimg.cn/lf/sports/logo85/264.png", "Flag2": "http://www.sinaimg.cn/lf/sports/logo85/136.png", "date": "2015-03-22", "time": "15:35", "MatchCity": "杭州", "Situation": "黄龙体育场", "status_cn": "完赛"},
            {"Round": 3, "Team1": "上海上港", "Team2": "广州富力", "Score1": 2, "Score2": 1, "Flag1": "http://www.sinaimg.cn/ty/2015/0309/U6521P6DT20150309172332.png", "Flag2": "http://www.sinaimg.cn/ty/opta/85/6905.png", "date": "2015-03-22", "time": "15:35", "MatchCity": "上海", "Situation": "上海体育场", "status_cn": "完赛"},
            {"Round": 3, "Team1": "上海申花", "Team2": "天津泰达", "Score1": 1, "Score2": 0, "Flag1": "http://www.sinaimg.cn/lf/sports/logo85/144.png", "Flag2": "http://www.sinaimg.cn/lf/sports/logo85/148.png", "date": "2015-03-22", "time": "19:35", "MatchCity": "上海", "Situation": "虹口体育场", "status_cn": "完赛"},
            {"Round": 3, "Team1": "山东鲁能", "Team2": "江苏舜天", "Score1": 5, "Score2": 1, "Flag1": "http://www.sinaimg.cn/lf/sports/logo85/153.png", "Flag2": "http://www.sinaimg.cn/lf/sports/logo85/179.png", "date": "2015-03-22", "time": "19:35", "MatchCity": "济南", "Situation": "鲁能大球场", "status_cn": "完赛"},
            {"Round": 3, "Team1": "河南建业", "Team2": "重庆力帆", "Score1": 3, "Score2": 3, "Flag1": "http://www.sinaimg.cn/lf/sports/logo85/178.png", "Flag2": "http://www.sinaimg.cn/lf/sports/logo85/151.png", "date": "2015-03-22", "time": "19:45", "MatchCity": "郑州", "Situation": "航海体育场", "status_cn": "完赛"},
            {"Round": 3, "Team1": "广州恒大", "Team2": "长春亚泰", "Score1": 1, "Score2": 1, "Flag1": "http://www.sinaimg.cn/lf/sports/logo85/5065.png", "Flag2": "http://www.sinaimg.cn/lf/sports/logo85/172.png", "date": "2015-03-22", "time": "20:00", "MatchCity": "广东", "Situation": "天河体育场", "status_cn": "完赛"},
            {"Round": 4, "Team1": "上海申鑫", "Team2": "山东鲁能", "Score1": 1, "Score2": 2, "Flag1": "http://www.sinaimg.cn/ty/opta/85/6911.png", "Flag2": "http://www.sinaimg.cn/lf/sports/logo85/153.png", "date": "2015-04-03", "time": "16:00", "MatchCity": "上海", "Situation": "金山体育场", "status_cn": "完赛"},
            {"Round": 4, "Team1": "广州富力", "Team2": "贵州人和", "Score1": 4, "Score2": 0, "Flag1": "http://www.sinaimg.cn/ty/opta/85/6905.png", "Flag2": "http://www.sinaimg.cn/lf/sports/logo85/170.png", "date": "2015-04-03", "time": "19:30", "MatchCity": "广州", "Situation": "越秀山体育场", "status_cn": "完赛"},
            {"Round": 4, "Team1": "北京国安", "Team2": "上海申花", "Score1": 2, "Score2": 0, "Flag1": "http://www.sinaimg.cn/lf/sports/logo85/136.png", "Flag2": "http://www.sinaimg.cn/lf/sports/logo85/144.png", "date": "2015-04-03", "time": "19:35", "MatchCity": "北京", "Situation": "工人体育场", "status_cn": "完赛"},
            {"Round": 4, "Team1": "河南建业", "Team2": "广州恒大", "Score1": 2, "Score2": 1, "Flag1": "http://www.sinaimg.cn/lf/sports/logo85/178.png", "Flag2": "http://www.sinaimg.cn/lf/sports/logo85/5065.png", "date": "2015-04-03", "time": "19:45", "MatchCity": "郑州", "Situation": "航海体育场", "status_cn": "完赛"},
            {"Round": 4, "Team1": "辽宁宏运", "Team2": "长春亚泰", "Score1": 2, "Score2": 2, "Flag1": "http://www.sinaimg.cn/lf/sports/logo85/139.png", "Flag2": "http://www.sinaimg.cn/lf/sports/logo85/172.png", "date": "2015-04-04", "time": "14:35", "MatchCity": "辽宁", "Situation": "铁西体育场", "status_cn": "完赛"},
            {"Round": 4, "Team1": "重庆力帆", "Team2": "杭州绿城", "Score1": 1, "Score2": 2, "Flag1": "http://www.sinaimg.cn/lf/sports/logo85/151.png", "Flag2": "http://www.sinaimg.cn/lf/sports/logo85/264.png", "date": "2015-04-04", "time": "19:35", "MatchCity": "重庆", "Situation": "重庆奥体中心", "status_cn": "完赛"},
            {"Round": 4, "Team1": "天津泰达", "Team2": "上海上港", "Score1": 0, "Score2": 0, "Flag1": "http://www.sinaimg.cn/lf/sports/logo85/148.png", "Flag2": "http://www.sinaimg.cn/ty/2015/0309/U6521P6DT20150309172332.png", "date": "2015-04-05", "time": "19:35", "MatchCity": "天津", "Situation": "泰达足球场", "status_cn": "完赛"},
            {"Round": 4, "Team1": "江苏舜天", "Team2": "石家庄永昌", "Score1": 2, "Score2": 1, "Flag1": "http://www.sinaimg.cn/lf/sports/logo85/179.png", "Flag2": "http://www.sinaimg.cn/lf/sports/logo85/55816.png", "date": "2015-04-05", "time": "19:45", "MatchCity": "南京", "Situation": "奥体中心球场", "status_cn": "完赛"},
            {"Round": 5, "Team1": "贵州人和", "Team2": "天津泰达", "Score1": 0, "Score2": 1, "Flag1": "http://www.sinaimg.cn/lf/sports/logo85/170.png", "Flag2": "http://www.sinaimg.cn/lf/sports/logo85/148.png", "date": "2015-04-11", "time": "19:35", "MatchCity": "贵阳", "Situation": "奥体中心球场", "status_cn": "完赛"},
            {"Round": 5, "Team1": "石家庄永昌", "Team2": "上海申鑫", "Score1": 2, "Score2": 1, "Flag1": "http://www.sinaimg.cn/lf/sports/logo85/55816.png", "Flag2": "http://www.sinaimg.cn/ty/opta/85/6911.png", "date": "2015-04-11", "time": "19:35", "MatchCity": "石家庄", "Situation": "裕彤体育中心", "status_cn": "完赛"},
            {"Round": 5, "Team1": "上海申花", "Team2": "重庆力帆", "Score1": 2, "Score2": 2, "Flag1": "http://www.sinaimg.cn/lf/sports/logo85/144.png", "Flag2": "http://www.sinaimg.cn/lf/sports/logo85/151.png", "date": "2015-04-11", "time": "19:45", "MatchCity": "上海", "Situation": "虹口体育场", "status_cn": "完赛"},
            {"Round": 5, "Team1": "长春亚泰", "Team2": "江苏舜天", "Score1": 2, "Score2": 2, "Flag1": "http://www.sinaimg.cn/lf/sports/logo85/172.png", "Flag2": "http://www.sinaimg.cn/lf/sports/logo85/179.png", "date": "2015-04-12", "time": "15:00", "MatchCity": "长春", "Situation": "经开体育场", "status_cn": "完赛"},
            {"Round": 5, "Team1": "上海上港", "Team2": "北京国安", "Score1": 1, "Score2": 1, "Flag1": "http://www.sinaimg.cn/ty/2015/0309/U6521P6DT20150309172332.png", "Flag2": "http://www.sinaimg.cn/lf/sports/logo85/136.png", "date": "2015-04-12", "time": "17:00", "MatchCity": "上海", "Situation": "上海体育场", "status_cn": "完赛"},
            {"Round": 5, "Team1": "山东鲁能", "Team2": "广州富力", "Score1": 1, "Score2": 2, "Flag1": "http://www.sinaimg.cn/lf/sports/logo85/153.png", "Flag2": "http://www.sinaimg.cn/ty/opta/85/6905.png", "date": "2015-04-12", "time": "19:35", "MatchCity": "济南", "Situation": "鲁能大球场", "status_cn": "完赛"},
            {"Round": 5, "Team1": "广州恒大", "Team2": "辽宁宏运", "Score1": 6, "Score2": 1, "Flag1": "http://www.sinaimg.cn/lf/sports/logo85/5065.png", "Flag2": "http://www.sinaimg.cn/lf/sports/logo85/139.png", "date": "2015-04-12", "time": "20:00", "MatchCity": "广东", "Situation": "天河体育场", "status_cn": "完赛"},
            {"Round": 5, "Team1": "杭州绿城", "Team2": "河南建业", "Score1": 0, "Score2": 0, "Flag1": "http://www.sinaimg.cn/lf/sports/logo85/264.png", "Flag2": "http://www.sinaimg.cn/lf/sports/logo85/178.png", "date": "2015-04-13", "time": "19:35", "MatchCity": "杭州", "Situation": "黄龙体育场", "status_cn": "完赛"},
            {"Round": 6, "Team1": "北京国安", "Team2": "贵州人和", "Score1": 2, "Score2": 2, "Flag1": "http://www.sinaimg.cn/lf/sports/logo85/136.png", "Flag2": "http://www.sinaimg.cn/lf/sports/logo85/170.png", "date": "2015-04-17", "time": "19:35", "MatchCity": "北京", "Situation": "工人体育场", "status_cn": "完赛"},
            {"Round": 6, "Team1": "山东鲁能", "Team2": "天津泰达", "Score1": 2, "Score2": 3, "Flag1": "http://www.sinaimg.cn/lf/sports/logo85/153.png", "Flag2": "http://www.sinaimg.cn/lf/sports/logo85/148.png", "date": "2015-04-17", "time": "19:35", "MatchCity": "济南", "Situation": "鲁能大球场", "status_cn": "完赛"},
            {"Round": 6, "Team1": "广州恒大", "Team2": "杭州绿城", "Score1": 1, "Score2": 0, "Flag1": "http://www.sinaimg.cn/lf/sports/logo85/5065.png", "Flag2": "http://www.sinaimg.cn/lf/sports/logo85/264.png", "date": "2015-04-17", "time": "20:00", "MatchCity": "广东", "Situation": "天河体育场", "status_cn": "完赛"},
            {"Round": 6, "Team1": "上海申鑫", "Team2": "长春亚泰", "Score1": 1, "Score2": 4, "Flag1": "http://www.sinaimg.cn/ty/opta/85/6911.png", "Flag2": "http://www.sinaimg.cn/lf/sports/logo85/172.png", "date": "2015-04-18", "time": "15:30", "MatchCity": "上海", "Situation": "金山体育场", "status_cn": "完赛"},
            {"Round": 6, "Team1": "广州富力", "Team2": "石家庄永昌", "Score1": 0, "Score2": 0, "Flag1": "http://www.sinaimg.cn/ty/opta/85/6905.png", "Flag2": "http://www.sinaimg.cn/lf/sports/logo85/55816.png", "date": "2015-04-18", "time": "19:30", "MatchCity": "广州", "Situation": "越秀山体育场", "status_cn": "完赛"},
            {"Round": 6, "Team1": "江苏舜天", "Team2": "辽宁宏运", "Score1": 2, "Score2": 1, "Flag1": "http://www.sinaimg.cn/lf/sports/logo85/179.png", "Flag2": "http://www.sinaimg.cn/lf/sports/logo85/139.png", "date": "2015-04-18", "time": "19:45", "MatchCity": "南京", "Situation": "奥体中心球场", "status_cn": "完赛"},
            {"Round": 6, "Team1": "上海上港", "Team2": "重庆力帆", "Score1": 2, "Score2": 1, "Flag1": "http://www.sinaimg.cn/ty/2015/0309/U6521P6DT20150309172332.png", "Flag2": "http://www.sinaimg.cn/lf/sports/logo85/151.png", "date": "2015-04-19", "time": "15:35", "MatchCity": "上海", "Situation": "上海体育场", "status_cn": "完赛"},
            {"Round": 6, "Team1": "河南建业", "Team2": "上海申花", "Score1": 2, "Score2": 1, "Flag1": "http://www.sinaimg.cn/lf/sports/logo85/178.png", "Flag2": "http://www.sinaimg.cn/lf/sports/logo85/144.png", "date": "2015-04-19", "time": "19:45", "MatchCity": "郑州", "Situation": "航海体育场", "status_cn": "完赛"},
            {"Round": 7, "Team1": "石家庄永昌", "Team2": "天津泰达", "Score1": 4, "Score2": 3, "Flag1": "http://www.sinaimg.cn/lf/sports/logo85/55816.png", "Flag2": "http://www.sinaimg.cn/lf/sports/logo85/148.png", "date": "2015-04-24", "time": "19:35", "MatchCity": "石家庄", "Situation": "裕彤体育中心", "status_cn": "完赛"},
            {"Round": 7, "Team1": "辽宁宏运", "Team2": "上海申鑫", "Score1": 1, "Score2": 1, "Flag1": "http://www.sinaimg.cn/lf/sports/logo85/139.png", "Flag2": "http://www.sinaimg.cn/ty/opta/85/6911.png", "date": "2015-04-25", "time": "15:35", "MatchCity": "辽宁", "Situation": "铁西体育场", "status_cn": "完赛"},
            {"Round": 7, "Team1": "贵州人和", "Team2": "重庆力帆", "Score1": 0, "Score2": 1, "Flag1": "http://www.sinaimg.cn/lf/sports/logo85/170.png", "Flag2": "http://www.sinaimg.cn/lf/sports/logo85/151.png", "date": "2015-04-25", "time": "19:35", "MatchCity": "贵阳", "Situation": "奥体中心球场", "status_cn": "完赛"},
            {"Round": 7, "Team1": "上海申花", "Team2": "杭州绿城", "Score1": 2, "Score2": 0, "Flag1": "http://www.sinaimg.cn/lf/sports/logo85/144.png", "Flag2": "http://www.sinaimg.cn/lf/sports/logo85/264.png", "date": "2015-04-25", "time": "19:45", "MatchCity": "上海", "Situation": "虹口体育场", "status_cn": "完赛"},
            {"Round": 7, "Team1": "长春亚泰", "Team2": "广州富力", "Score1": 1, "Score2": 2, "Flag1": "http://www.sinaimg.cn/lf/sports/logo85/172.png", "Flag2": "http://www.sinaimg.cn/ty/opta/85/6905.png", "date": "2015-04-26", "time": "15:35", "MatchCity": "长春", "Situation": "经开体育场", "status_cn": "完赛"},
            {"Round": 7, "Team1": "上海上港", "Team2": "河南建业", "Score1": 3, "Score2": 0, "Flag1": "http://www.sinaimg.cn/ty/2015/0309/U6521P6DT20150309172332.png", "Flag2": "http://www.sinaimg.cn/lf/sports/logo85/178.png", "date": "2015-04-26", "time": "15:35", "MatchCity": "上海", "Situation": "上海体育场", "status_cn": "完赛"},
            {"Round": 7, "Team1": "山东鲁能", "Team2": "北京国安", "Score1": 3, "Score2": 0, "Flag1": "http://www.sinaimg.cn/lf/sports/logo85/153.png", "Flag2": "http://www.sinaimg.cn/lf/sports/logo85/136.png", "date": "2015-04-26", "time": "19:35", "MatchCity": "济南", "Situation": "鲁能大球场", "status_cn": "完赛"},
            {"Round": 7, "Team1": "广州恒大", "Team2": "江苏舜天", "Score1": 3, "Score2": 3, "Flag1": "http://www.sinaimg.cn/lf/sports/logo85/5065.png", "Flag2": "http://www.sinaimg.cn/lf/sports/logo85/179.png", "date": "2015-04-26", "time": "20:00", "MatchCity": "广东", "Situation": "天河体育场", "status_cn": "完赛"},
            {"Round": 8, "Team1": "广州富力", "Team2": "辽宁宏运", "Score1": 0, "Score2": 0, "Flag1": "http://www.sinaimg.cn/ty/opta/85/6905.png", "Flag2": "http://www.sinaimg.cn/lf/sports/logo85/139.png", "date": "2015-05-01", "time": "19:30", "MatchCity": "广州", "Situation": "越秀山体育场", "status_cn": "完赛"},
            {"Round": 8, "Team1": "北京国安", "Team2": "石家庄永昌", "Score1": 3, "Score2": 1, "Flag1": "http://www.sinaimg.cn/lf/sports/logo85/136.png", "Flag2": "http://www.sinaimg.cn/lf/sports/logo85/55816.png", "date": "2015-05-01", "time": "19:35", "MatchCity": "北京", "Situation": "工人体育场", "status_cn": "完赛"},
            {"Round": 8, "Team1": "上海申花", "Team2": "广州恒大", "Score1": 0, "Score2": 3, "Flag1": "http://www.sinaimg.cn/lf/sports/logo85/144.png", "Flag2": "http://www.sinaimg.cn/lf/sports/logo85/5065.png", "date": "2015-05-01", "time": "19:45", "MatchCity": "上海", "Situation": "虹口体育场", "status_cn": "完赛"},
            {"Round": 8, "Team1": "重庆力帆", "Team2": "山东鲁能", "Score1": 2, "Score2": 2, "Flag1": "http://www.sinaimg.cn/lf/sports/logo85/151.png", "Flag2": "http://www.sinaimg.cn/lf/sports/logo85/153.png", "date": "2015-05-02", "time": "19:35", "MatchCity": "重庆", "Situation": "重庆奥体中心", "status_cn": "完赛"},
            {"Round": 8, "Team1": "河南建业", "Team2": "贵州人和", "Score1": 1, "Score2": 1, "Flag1": "http://www.sinaimg.cn/lf/sports/logo85/178.png", "Flag2": "http://www.sinaimg.cn/lf/sports/logo85/170.png", "date": "2015-05-02", "time": "19:45", "MatchCity": "郑州", "Situation": "航海体育场", "status_cn": "完赛"},
            {"Round": 8, "Team1": "江苏舜天", "Team2": "上海申鑫", "Score1": 1, "Score2": 0, "Flag1": "http://www.sinaimg.cn/lf/sports/logo85/179.png", "Flag2": "http://www.sinaimg.cn/ty/opta/85/6911.png", "date": "2015-05-02", "time": "19:45", "MatchCity": "南京", "Situation": "奥体中心球场", "status_cn": "完赛"},
            {"Round": 8, "Team1": "杭州绿城", "Team2": "上海上港", "Score1": 1, "Score2": 1, "Flag1": "http://www.sinaimg.cn/lf/sports/logo85/264.png", "Flag2": "http://www.sinaimg.cn/ty/2015/0309/U6521P6DT20150309172332.png", "date": "2015-05-03", "time": "19:35", "MatchCity": "杭州", "Situation": "黄龙体育场", "status_cn": "完赛"},
            {"Round": 8, "Team1": "天津泰达", "Team2": "长春亚泰", "Score1": 1, "Score2": 1, "Flag1": "http://www.sinaimg.cn/lf/sports/logo85/148.png", "Flag2": "http://www.sinaimg.cn/lf/sports/logo85/172.png", "date": "2015-05-03", "time": "19:35", "MatchCity": "天津", "Situation": "泰达足球场", "status_cn": "完赛"},
            {"Round": 9, "Team1": "辽宁宏运", "Team2": "天津泰达", "Score1": 3, "Score2": 2, "Flag1": "http://www.sinaimg.cn/lf/sports/logo85/139.png", "Flag2": "http://www.sinaimg.cn/lf/sports/logo85/148.png", "date": "2015-05-09", "time": "15:35", "MatchCity": "辽宁", "Situation": "铁西体育场", "status_cn": "完赛"},
            {"Round": 9, "Team1": "杭州绿城", "Team2": "贵州人和", "Score1": 1, "Score2": 0, "Flag1": "http://www.sinaimg.cn/lf/sports/logo85/264.png", "Flag2": "http://www.sinaimg.cn/lf/sports/logo85/170.png", "date": "2015-05-09", "time": "19:35", "MatchCity": "杭州", "Situation": "黄龙体育场", "status_cn": "完赛"},
            {"Round": 9, "Team1": "石家庄永昌", "Team2": "重庆力帆", "Score1": 2, "Score2": 0, "Flag1": "http://www.sinaimg.cn/lf/sports/logo85/55816.png", "Flag2": "http://www.sinaimg.cn/lf/sports/logo85/151.png", "date": "2015-05-09", "time": "19:35", "MatchCity": "石家庄", "Situation": "裕彤体育中心", "status_cn": "完赛"},
            {"Round": 9, "Team1": "上海上港", "Team2": "上海申花", "Score1": 5, "Score2": 0, "Flag1": "http://www.sinaimg.cn/ty/2015/0309/U6521P6DT20150309172332.png", "Flag2": "http://www.sinaimg.cn/lf/sports/logo85/144.png", "date": "2015-05-09", "time": "19:45", "MatchCity": "上海", "Situation": "上海体育场", "status_cn": "完赛"},
            {"Round": 9, "Team1": "长春亚泰", "Team2": "北京国安", "Score1": 1, "Score2": 2, "Flag1": "http://www.sinaimg.cn/lf/sports/logo85/172.png", "Flag2": "http://www.sinaimg.cn/lf/sports/logo85/136.png", "date": "2015-05-10", "time": "15:35", "MatchCity": "长春", "Situation": "经开体育场", "status_cn": "完赛"},
            {"Round": 9, "Team1": "山东鲁能", "Team2": "河南建业", "Score1": 2, "Score2": 1, "Flag1": "http://www.sinaimg.cn/lf/sports/logo85/153.png", "Flag2": "http://www.sinaimg.cn/lf/sports/logo85/178.png", "date": "2015-05-10", "time": "19:35", "MatchCity": "济南", "Situation": "鲁能大球场", "status_cn": "完赛"},
            {"Round": 9, "Team1": "江苏舜天", "Team2": "广州富力", "Score1": 2, "Score2": 2, "Flag1": "http://www.sinaimg.cn/lf/sports/logo85/179.png", "Flag2": "http://www.sinaimg.cn/ty/opta/85/6905.png", "date": "2015-05-10", "time": "19:45", "MatchCity": "南京", "Situation": "奥体中心球场", "status_cn": "完赛"},
            {"Round": 9, "Team1": "广州恒大", "Team2": "上海申鑫", "Score1": 6, "Score2": 1, "Flag1": "http://www.sinaimg.cn/lf/sports/logo85/5065.png", "Flag2": "http://www.sinaimg.cn/ty/opta/85/6911.png", "date": "2015-05-10", "time": "20:00", "MatchCity": "广东", "Situation": "天河体育场", "status_cn": "完赛"},
            {"Round": 10, "Team1": "广州恒大", "Team2": "上海上港", "Score1": 1, "Score2": 1, "Flag1": "http://www.sinaimg.cn/lf/sports/logo85/5065.png", "Flag2": "http://www.sinaimg.cn/ty/2015/0309/U6521P6DT20150309172332.png", "date": "2015-05-15", "time": "20:00", "MatchCity": "广东", "Situation": "天河体育场", "status_cn": "完赛"},
            {"Round": 10, "Team1": "北京国安", "Team2": "辽宁宏运", "Score1": 2, "Score2": 0, "Flag1": "http://www.sinaimg.cn/lf/sports/logo85/136.png", "Flag2": "http://www.sinaimg.cn/lf/sports/logo85/139.png", "date": "2015-05-16", "time": "19:35", "MatchCity": "北京", "Situation": "工人体育场", "status_cn": "完赛"},
            {"Round": 10, "Team1": "广州富力", "Team2": "上海申鑫", "Score1": 1, "Score2": 3, "Flag1": "http://www.sinaimg.cn/ty/opta/85/6905.png", "Flag2": "http://www.sinaimg.cn/ty/opta/85/6911.png", "date": "2015-05-16", "time": "19:35", "MatchCity": "广州", "Situation": "大学城体育场", "status_cn": "完赛"},
            {"Round": 10, "Team1": "杭州绿城", "Team2": "山东鲁能", "Score1": 0, "Score2": 1, "Flag1": "http://www.sinaimg.cn/lf/sports/logo85/264.png", "Flag2": "http://www.sinaimg.cn/lf/sports/logo85/153.png", "date": "2015-05-16", "time": "19:35", "MatchCity": "杭州", "Situation": "黄龙体育场", "status_cn": "完赛"},
            {"Round": 10, "Team1": "重庆力帆", "Team2": "长春亚泰", "Score1": 2, "Score2": 1, "Flag1": "http://www.sinaimg.cn/lf/sports/logo85/151.png", "Flag2": "http://www.sinaimg.cn/lf/sports/logo85/172.png", "date": "2015-05-16", "time": "19:35", "MatchCity": "重庆", "Situation": "重庆奥体中心", "status_cn": "完赛"},
            {"Round": 10, "Team1": "河南建业", "Team2": "石家庄永昌", "Score1": 0, "Score2": 1, "Flag1": "http://www.sinaimg.cn/lf/sports/logo85/178.png", "Flag2": "http://www.sinaimg.cn/lf/sports/logo85/55816.png", "date": "2015-05-16", "time": "19:45", "MatchCity": "郑州", "Situation": "航海体育场", "status_cn": "完赛"},
            {"Round": 10, "Team1": "天津泰达", "Team2": "江苏舜天", "Score1": 1, "Score2": 0, "Flag1": "http://www.sinaimg.cn/lf/sports/logo85/148.png", "Flag2": "http://www.sinaimg.cn/lf/sports/logo85/179.png", "date": "2015-05-17", "time": "19:35", "MatchCity": "天津", "Situation": "泰达足球场", "status_cn": "完赛"},
            {"Round": 10, "Team1": "上海申花", "Team2": "贵州人和", "Score1": 1, "Score2": 1, "Flag1": "http://www.sinaimg.cn/lf/sports/logo85/144.png", "Flag2": "http://www.sinaimg.cn/lf/sports/logo85/170.png", "date": "2015-05-17", "time": "19:45", "MatchCity": "上海", "Situation": "虹口体育场", "status_cn": "完赛"},
            {"Round": 11, "Team1": "贵州人和", "Team2": "上海上港", "Score1": 2, "Score2": 0, "Flag1": "http://www.sinaimg.cn/lf/sports/logo85/170.png", "Flag2": "http://www.sinaimg.cn/ty/2015/0309/U6521P6DT20150309172332.png", "date": "2015-05-22", "time": "19:35", "MatchCity": "贵阳", "Situation": "奥体中心球场", "status_cn": "完赛"},
            {"Round": 11, "Team1": "石家庄永昌", "Team2": "杭州绿城", "Score1": 0, "Score2": 0, "Flag1": "http://www.sinaimg.cn/lf/sports/logo85/55816.png", "Flag2": "http://www.sinaimg.cn/lf/sports/logo85/264.png", "date": "2015-05-22", "time": "19:35", "MatchCity": "石家庄", "Situation": "裕彤体育中心", "status_cn": "完赛"},
            {"Round": 11, "Team1": "山东鲁能", "Team2": "上海申花", "Score1": 2, "Score2": 0, "Flag1": "http://www.sinaimg.cn/lf/sports/logo85/153.png", "Flag2": "http://www.sinaimg.cn/lf/sports/logo85/144.png", "date": "2015-05-23", "time": "19:35", "MatchCity": "济南", "Situation": "鲁能大球场", "status_cn": "完赛"},
            {"Round": 11, "Team1": "江苏舜天", "Team2": "北京国安", "Score1": 0, "Score2": 0, "Flag1": "http://www.sinaimg.cn/lf/sports/logo85/179.png", "Flag2": "http://www.sinaimg.cn/lf/sports/logo85/136.png", "date": "2015-05-23", "time": "19:45", "MatchCity": "南京", "Situation": "奥体中心球场", "status_cn": "完赛"},
            {"Round": 11, "Team1": "广州恒大", "Team2": "广州富力", "Score1": 2, "Score2": 2, "Flag1": "http://www.sinaimg.cn/lf/sports/logo85/5065.png", "Flag2": "http://www.sinaimg.cn/ty/opta/85/6905.png", "date": "2015-05-23", "time": "20:00", "MatchCity": "广东", "Situation": "天河体育场", "status_cn": "完赛"},
            {"Round": 11, "Team1": "长春亚泰", "Team2": "河南建业", "Score1": 2, "Score2": 0, "Flag1": "http://www.sinaimg.cn/lf/sports/logo85/172.png", "Flag2": "http://www.sinaimg.cn/lf/sports/logo85/178.png", "date": "2015-05-24", "time": "15:35", "MatchCity": "长春", "Situation": "经开体育场", "status_cn": "完赛"},
            {"Round": 11, "Team1": "辽宁宏运", "Team2": "重庆力帆", "Score1": 1, "Score2": 1, "Flag1": "http://www.sinaimg.cn/lf/sports/logo85/139.png", "Flag2": "http://www.sinaimg.cn/lf/sports/logo85/151.png", "date": "2015-05-24", "time": "15:35", "MatchCity": "辽宁", "Situation": "铁西体育场", "status_cn": "完赛"},
            {"Round": 11, "Team1": "上海申鑫", "Team2": "天津泰达", "Score1": 0, "Score2": 1, "Flag1": "http://www.sinaimg.cn/ty/opta/85/6911.png", "Flag2": "http://www.sinaimg.cn/lf/sports/logo85/148.png", "date": "2015-05-24", "time": "19:45", "MatchCity": "上海", "Situation": "金山体育场", "status_cn": "完赛"},
            {"Round": 12, "Team1": "上海上港", "Team2": "山东鲁能", "Score1": 3, "Score2": 4, "Flag1": "http://www.sinaimg.cn/ty/2015/0309/U6521P6DT20150309172332.png", "Flag2": "http://www.sinaimg.cn/lf/sports/logo85/153.png", "date": "2015-05-29", "time": "19:45", "MatchCity": "上海", "Situation": "上海体育场", "status_cn": "完赛"},
            {"Round": 12, "Team1": "杭州绿城", "Team2": "长春亚泰", "Score1": 0, "Score2": 1, "Flag1": "http://www.sinaimg.cn/lf/sports/logo85/264.png", "Flag2": "http://www.sinaimg.cn/lf/sports/logo85/172.png", "date": "2015-05-30", "time": "19:35", "MatchCity": "杭州", "Situation": "黄龙体育场", "status_cn": "完赛"},
            {"Round": 12, "Team1": "重庆力帆", "Team2": "江苏舜天", "Score1": 2, "Score2": 3, "Flag1": "http://www.sinaimg.cn/lf/sports/logo85/151.png", "Flag2": "http://www.sinaimg.cn/lf/sports/logo85/179.png", "date": "2015-05-30", "time": "19:35", "MatchCity": "重庆", "Situation": "重庆奥体中心", "status_cn": "完赛"},
            {"Round": 12, "Team1": "上海申花", "Team2": "石家庄永昌", "Score1": 0, "Score2": 0, "Flag1": "http://www.sinaimg.cn/lf/sports/logo85/144.png", "Flag2": "http://www.sinaimg.cn/lf/sports/logo85/55816.png", "date": "2015-05-30", "time": "19:45", "MatchCity": "上海", "Situation": "虹口体育场", "status_cn": "完赛"},
            {"Round": 12, "Team1": "天津泰达", "Team2": "广州富力", "Score1": 2, "Score2": 0, "Flag1": "http://www.sinaimg.cn/lf/sports/logo85/148.png", "Flag2": "http://www.sinaimg.cn/ty/opta/85/6905.png", "date": "2015-05-31", "time": "19:35", "MatchCity": "天津", "Situation": "泰达足球场", "status_cn": "完赛"},
            {"Round": 12, "Team1": "河南建业", "Team2": "辽宁宏运", "Score1": 1, "Score2": 1, "Flag1": "http://www.sinaimg.cn/lf/sports/logo85/178.png", "Flag2": "http://www.sinaimg.cn/lf/sports/logo85/139.png", "date": "2015-05-31", "time": "19:45", "MatchCity": "郑州", "Situation": "航海体育场", "status_cn": "完赛"},
            {"Round": 12, "Team1": "广州恒大", "Team2": "贵州人和", "Score1": 3, "Score2": 0, "Flag1": "http://www.sinaimg.cn/lf/sports/logo85/5065.png", "Flag2": "http://www.sinaimg.cn/lf/sports/logo85/170.png", "date": "2015-05-31", "time": "20:00", "MatchCity": "广东", "Situation": "天河体育场", "status_cn": "完赛"},
            {"Round": 12, "Team1": "北京国安", "Team2": "上海申鑫", "Score1": 2, "Score2": 1, "Flag1": "http://www.sinaimg.cn/lf/sports/logo85/136.png", "Flag2": "http://www.sinaimg.cn/ty/opta/85/6911.png", "date": "2015-06-01", "time": "19:35", "MatchCity": "北京", "Situation": "工人体育场", "status_cn": "完赛"},
            {"Round": 13, "Team1": "长春亚泰", "Team2": "上海申花", "Score1": 3, "Score2": 1, "Flag1": "http://www.sinaimg.cn/lf/sports/logo85/172.png", "Flag2": "http://www.sinaimg.cn/lf/sports/logo85/144.png", "date": "2015-06-03", "time": "19:00", "MatchCity": "长春", "Situation": "经开体育场", "status_cn": "完赛"},
            {"Round": 13, "Team1": "石家庄永昌", "Team2": "上海上港", "Score1": 2, "Score2": 2, "Flag1": "http://www.sinaimg.cn/lf/sports/logo85/55816.png", "Flag2": "http://www.sinaimg.cn/ty/2015/0309/U6521P6DT20150309172332.png", "date": "2015-06-03", "time": "19:35", "MatchCity": "石家庄", "Situation": "裕彤体育中心", "status_cn": "完赛"}
        ]
}